"","contrast","estimate","SE","df","z.ratio","p.value"
"1","Spring - Fall",-0.653111125975669,0.164664088477849,Inf,-3.96632399944039,7.29896276032495e-05
