"","contrast","estimate","SE","df","z.ratio","p.value"
"1","RES - MOW",-0.22520397323048,0.352950686014086,Inf,-0.638060732431875,0.799102782956912
"2","RES - TIL",1.34307842306634,0.36606637539894,Inf,3.66894780107199,0.000712355274266829
"3","MOW - TIL",1.56828239629682,0.362069571650797,Inf,4.33143936715392,4.40356291997457e-05
