"","contrast","estimate","SE","df","z.ratio","p.value"
"1","RES - TIL",-2.98523899732449,0.742267746316973,Inf,-4.02178191378627,0.000170700954234326
"2","RES - MOW",0.967595987649154,0.683834436688471,Inf,1.41495650955343,0.333116213845865
"3","TIL - MOW",3.95283498497365,0.814451056741506,Inf,4.85337326565495,3.62771164552633e-06
