"","contrast","estimate","SE","df","z.ratio","p.value"
"1","RES - MOW",-0.0454454881832124,0.146076526934469,Inf,-0.311107397861393,0.948047174142582
"2","RES - TIL",0.803987821680028,0.154881417870627,Inf,5.19098955015768,6.26272503301273e-07
"3","MOW - TIL",0.849433309863241,0.154311824495959,Inf,5.50465469926114,1.10845941869719e-07
